{"上元": [118.76899, 32.052563], "上蔡": [114.226669, 33.264837], "上虞": [120.973587, 29.952654], "下邽": [109.50959, 34.729103], "东平府": [116.2991715, 35.91034317], "东明": [114.859356, 34.92438], "丰城": [115.785782, 28.197754], "临川": [116.351341, 27.984781], "临海": [121.120598, 28.843132], "丹徒": [119.4442902, 32.20648956], "义乌": [120.071625, 29.300087], "亳州": [115.7709045, 33.87929153], "仙游": [118.68367, 25.36455727], "仙源": [116.986059, 35.597553], "元城": [115.146522, 36.275528], "光化": [113.464426, 31.640304], "分宁": [114.559631, 29.038708], "北海": [119.106499, 36.702705], "华阳": [104.077995, 30.650385], "南丰": [116.52993, 27.214306], "卢龙": [118.8619537, 39.87731934], "双流": [103.923309, 30.579893], "吉水": [115.132248, 27.214367], "吴县": [120.618622, 31.31271], "嘉兴": [120.753204, 30.767469], "夏县": [111.220055, 35.137451], "奉符": [117.126519, 36.182097], "如皋": [120.558662, 32.384022], "宁晋": [114.9153976, 37.62108612], "安阳": [114.345497, 36.098343], "安陆": [113.688919, 31.263714], "宋城": [115.646072, 34.447662], "宜兴": [119.814385, 31.363638], "导江": [103.713741, 31.002649], "崇安": [118.026779, 27.756025], "平江": [113.574943, 28.709812], "庐陵": [114.971275, 27.103239], "建安": [118.323784, 27.038864], "建阳": [118.10537, 27.33988], "开化": [118.404884, 29.14485], "开封": [114.34333, 34.785477], "开封府": [114.34333, 34.785477], "彭山": [103.869247, 30.200752], "德兴": [117.580116, 28.953411], "怀州": [112.9369888, 35.08930206], "成纪": [105.7258, 34.5853], "成都": [104.077995, 30.650385], "新喻": [114.931137, 27.804075], "新津": [103.810936, 30.423536], "无锡": [120.297668, 31.574614], "晋江": [118.589905, 24.909641], "曲江": [113.603417, 24.810209], "杭州": [120.1686249, 30.2941246], "松溪": [118.774612, 27.528404], "榆次": [112.744682, 37.678467], "正平": [111.216148, 35.616409], "武昌": [114.879906, 30.402718], "武进": [119.952301, 31.782784], "武陟": [113.3653565, 35.05608749], "永嘉": [120.653221, 28.018291], "永康": [120.025253, 28.897268], "汝阴": [115.809013, 32.903057], "江宁": [118.76899, 32.052563], "江都": [119.437187, 32.39127], "江陵": [112.190773, 30.350445], "沙县": [117.781792, 26.39761], "河阳": [112.785721, 34.840869], "泉江": [114.505661, 26.327883], "洛阳": [112.38263, 34.665276], "济阴": [115.282862, 34.990951], "浦城": [118.536255, 27.924686], "浮梁": [117.236359, 29.382742], "海陵": [119.91124, 32.495872], "淮安": [119.141106, 33.502789], "清江": [115.398987, 28.015566], "清池": [117.024101, 38.209126], "渠江": [106.631752, 30.47769], "湖州": [120.0993118, 30.86496353], "漳浦": [117.610733, 24.117096], "濮阳": [115.078057, 35.650175], "相州": [114.34549, 36.098343], "眉山": [103.831459, 30.050497], "祁门": [117.706978, 29.854147], "祥符": [114.34333, 34.785477], "福清": [119.381439, 25.727917], "管城": [113.641312, 34.758076], "莘县": [115.665085, 36.236708], "营道": [111.590881, 25.531357], "蓝田": [109.321556, 34.153698], "虞城": [115.887953, 34.510823], "襄邑": [115.065971, 34.430504], "西安": [118.867645, 28.956821], "西河": [111.77903, 37.263405], "谯县": [115.770905, 33.879292], "郿县": [107.796328, 34.478271], "鄞县": [121.542656, 29.866316], "鄱阳": [116.663833, 28.994167], "金华": [119.649918, 29.104712], "钱塘": [120.168625, 30.294125], "长寿": [112.589256, 31.169827], "长沙": [112.978134, 28.198198], "长洲": [120.618622, 31.31271], "长社": [113.819748, 34.031391], "闻喜": [111.217209, 35.357723], "闽县": [119.321577, 26.073954], "阳曲": [112.736015, 38.08202], "阳翟": [113.467056, 34.162491], "雍邱": [114.76066, 34.49547], "须城": [116.282559, 35.956072], "高密": [119.752564, 36.385406], "高邮": [119.437332, 32.79071], "龙泉": [119.12091, 28.082565]}